{"name":"92925341-f8b9-4601-9eaf-c0a6649414f4","id":"/providers/Microsoft.Flow/flows/92925341-f8b9-4601-9eaf-c0a6649414f4","type":"Microsoft.Flow/flows","properties":{"apiId":"/providers/Microsoft.PowerApps/apis/shared_logicflows","displayName":"pdf processing","definition":{"metadata":{"workflowEntityId":null,"processAdvisorMetadata":null,"flowChargedByPaygo":null,"flowclientsuspensionreason":"None","flowclientsuspensiontime":null,"flowclientsuspensionreasondetails":null,"creator":{"id":"7547a379-c22c-4d1e-98b1-e6f27233be67","type":"User","tenantId":"73d50124-c09d-47a3-9d99-d99d2aeb85d1"},"provisioningMethod":"FromDefinition","failureAlertSubscription":true,"clientLastModifiedTime":"2025-06-23T14:03:51.8033091Z","connectionKeySavedTimeKey":"2025-06-23T14:03:51.8033091Z","creationSource":"Portal","modifiedSources":"Portal"},"$schema":"https://schema.management.azure.com/providers/Microsoft.Logic/schemas/2016-06-01/workflowdefinition.json#","contentVersion":"1.0.0.0","parameters":{"$authentication":{"defaultValue":{},"type":"SecureObject"},"$connections":{"defaultValue":{},"type":"Object"}},"triggers":{"When_a_new_email_arrives_(V3)":{"splitOn":"@triggerOutputs()?['body/value']","metadata":{"Id::AAMkAGZjY2I4NzZiLWI5YWUtNDhlMi1hMGRkLTg2NWJjZDNmNDJjYwAuAAAAAAAYV5NIk1WQRJ3H58PJiAyOAQDeF8zlMQpjS4QFpRCSmwpEAAAAAAEMAAA=":"Inbox"},"type":"OpenApiConnectionNotification","inputs":{"parameters":{"includeAttachments":true,"fetchOnlyWithAttachment":true,"folderPath":"Id::AAMkAGZjY2I4NzZiLWI5YWUtNDhlMi1hMGRkLTg2NWJjZDNmNDJjYwAuAAAAAAAYV5NIk1WQRJ3H58PJiAyOAQDeF8zlMQpjS4QFpRCSmwpEAAAAAAEMAAA="},"host":{"apiId":"/providers/Microsoft.PowerApps/apis/shared_office365","connectionName":"shared_office365","operationId":"OnNewEmailV3"},"authentication":"@parameters('$authentication')"}}},"actions":{"For_each":{"foreach":"@triggerOutputs()?['body/attachments']","actions":{"Condition":{"actions":{"Apply_to_each":{"foreach":"@triggerOutputs()?['body/attachments']","actions":{"Predict":{"metadata":{"flowSystemMetadata":{"portalOperationId":"aibuilderpredict","portalOperationGroup":"aibuilder","portalOperationApiDisplayNameOverride":"AI Builder","portalOperationIconOverride":"https://content.powerapps.com/resource/makerx/static/pauto/images/designeroperations/aiBuilderNew.51dbdb6b.png","portalOperationBrandColorOverride":"#0A76C4","portalOperationApiTierOverride":"Standard"}},"type":"OpenApiConnection","inputs":{"parameters":{"recordId":"ecf0a9df-0e2a-4038-8cac-184127898184","item/requestv2/mimeType":"pdf","item/requestv2/base64Encoded":"@item()?['contentBytes']"},"host":{"apiId":"/providers/Microsoft.PowerApps/apis/shared_commondataserviceforapps","connectionName":"shared_commondataserviceforapps","operationId":"aibuilderpredict"},"authentication":"@parameters('$authentication')"}},"Filter_array":{"runAfter":{"List_rows_present_in_a_table":["Succeeded"]},"type":"Query","inputs":{"from":"@outputs('List_rows_present_in_a_table')?['body/value']","where":"@contains(item()?['INVOICE_NUMBER'],outputs('Predict')?['body/responsev2/predictionOutput/labels/Invoice_c07c9cb94c35e3b7ad2a2db05978cfea/value'])"}},"List_rows_present_in_a_table":{"runAfter":{"Predict":["Succeeded"]},"metadata":{"01QXBVPID37BCEWFLWOVFKB2MKYTQG2TYA":"/INVOICE_DATA.xlsx","tableId":"{2C1EA0AF-867F-49A2-913D-A2FCFE829C8E}"},"type":"OpenApiConnection","inputs":{"parameters":{"source":"me","drive":"b!Pl0JvrmK9k-P2KcEkRZnpbyvbFoa6YBKqaeGCMVcheZm_vNGNZmFSYWUbE1AdgAE","file":"01QXBVPID37BCEWFLWOVFKB2MKYTQG2TYA","table":"{2C1EA0AF-867F-49A2-913D-A2FCFE829C8E}"},"host":{"apiId":"/providers/Microsoft.PowerApps/apis/shared_excelonlinebusiness","connectionName":"shared_excelonlinebusiness","operationId":"GetItems"},"authentication":"@parameters('$authentication')"}},"Condition_1":{"actions":{"Add_a_row_into_a_table":{"runAfter":{"TotalAmount":["Succeeded"]},"metadata":{"01QXBVPID37BCEWFLWOVFKB2MKYTQG2TYA":"/INVOICE_DATA.xlsx","tableId":"{2C1EA0AF-867F-49A2-913D-A2FCFE829C8E}"},"type":"OpenApiConnection","inputs":{"parameters":{"source":"me","drive":"b!Pl0JvrmK9k-P2KcEkRZnpbyvbFoa6YBKqaeGCMVcheZm_vNGNZmFSYWUbE1AdgAE","file":"01QXBVPID37BCEWFLWOVFKB2MKYTQG2TYA","table":"{2C1EA0AF-867F-49A2-913D-A2FCFE829C8E}","item/PO_NUMBER":"@outputs('PoNumber')","item/INVOICE_NUMBER":"@outputs('InvoiceNumber')","item/INVOICE_DATE":"@outputs('InvoiceDate')","item/TOTAL_AMOUNT":"@outputs('TotalAmount')","item/LINE_AMOUNTS":"@outputs('LIneAmounts')","item/VAT":"@outputs('VAT')"},"host":{"apiId":"/providers/Microsoft.PowerApps/apis/shared_excelonlinebusiness","connectionName":"shared_excelonlinebusiness","operationId":"AddRowV2"},"authentication":"@parameters('$authentication')"}},"VAT":{"type":"Compose","inputs":"@outputs('Predict')?['body/responsev2/predictionOutput/labels/VAT/value']"},"InvoiceNumber":{"runAfter":{"VAT":["Succeeded"]},"type":"Compose","inputs":"@outputs('Predict')?['body/responsev2/predictionOutput/labels/Invoice_c07c9cb94c35e3b7ad2a2db05978cfea/value']"},"PoNumber":{"runAfter":{"InvoiceNumber":["Succeeded"]},"type":"Compose","inputs":"@outputs('Predict')?['body/responsev2/predictionOutput/labels/PO_0020Nb351c4baaa6533101db0843229fa5279/value']"},"InvoiceDate":{"runAfter":{"PoNumber":["Succeeded"]},"type":"Compose","inputs":"@outputs('Predict')?['body/responsev2/predictionOutput/labels/Invoice_0f24fcfb35adaf92db94c0adeb94a754/value']"},"LIneAmounts":{"runAfter":{"InvoiceDate":["Succeeded"]},"type":"Compose","inputs":"@outputs('Predict')?['body/responsev2/predictionOutput/labels/Line_002a6e55b85eb52d58d258794ca2bafaffc/value']"},"TotalAmount":{"runAfter":{"LIneAmounts":["Succeeded"]},"type":"Compose","inputs":"@outputs('Predict')?['body/responsev2/predictionOutput/labels/Total_00809d0fb61b4acec40ff234df9712240d/value']"}},"runAfter":{"Filter_array":["Succeeded"]},"else":{"actions":{"Set_variable_1":{"type":"SetVariable","inputs":{"name":"flow","value":"failed"}}}},"expression":{"and":[{"equals":["@length(body('Filter_array'))",0]}]},"type":"If"}},"type":"Foreach"}},"else":{"actions":{"Set_variable":{"type":"SetVariable","inputs":{"name":"flow","value":"failed"}}}},"expression":{"and":[{"endsWith":["@item()?['name']",".pdf"]}]},"type":"If"}},"runAfter":{"flow_result":["Succeeded"]},"type":"Foreach"},"flow_result":{"runAfter":{},"type":"InitializeVariable","inputs":{"variables":[{"name":"flow","type":"string"}]}},"Condition_2":{"actions":{"Terminate":{"type":"Terminate","inputs":{"runStatus":"Failed"}}},"runAfter":{"For_each":["Succeeded","Failed"]},"else":{"actions":{}},"expression":{"and":[{"equals":["@variables('flow')","failed"]}]},"type":"If"}},"outputs":{}},"connectionReferences":{"shared_office365":{"connectionName":"shared-office365-a7549900-6dce-44f2-82ee-6a3129f42a04","source":"Embedded","id":"/providers/Microsoft.PowerApps/apis/shared_office365","tier":"NotSpecified","apiName":"office365","isProcessSimpleApiReferenceConversionAlreadyDone":false},"shared_commondataserviceforapps":{"connectionName":"shared-commondataser-6037183d-00f4-4a50-80e8-b1fe096232fd","source":"Embedded","id":"/providers/Microsoft.PowerApps/apis/shared_commondataserviceforapps","tier":"NotSpecified","apiName":"commondataserviceforapps","isProcessSimpleApiReferenceConversionAlreadyDone":false},"shared_excelonlinebusiness":{"connectionName":"shared-excelonlinebu-c4959720-cf14-4a91-91d2-119d400f020c","source":"Embedded","id":"/providers/Microsoft.PowerApps/apis/shared_excelonlinebusiness","tier":"NotSpecified","apiName":"excelonlinebusiness","isProcessSimpleApiReferenceConversionAlreadyDone":false}},"flowFailureAlertSubscribed":false,"isManaged":false}}